<?xml version="1.0" encoding="UTF-8"?>
<GenRun Id="impl_1" LaunchPart="xc7a35tcpg236-1" LaunchTime="1608107363">
  <File Type="PWROPT-DRC" Name="Multiplier_drc_pwropted.rpt"/>
  <File Type="OPT-METHODOLOGY-DRC" Name="Multiplier_methodology_drc_opted.rpt"/>
  <File Type="INIT-TIMING" Name="Multiplier_timing_summary_init.rpt"/>
  <File Type="ROUTE-PWR-RPX" Name="Multiplier_power_routed.rpx"/>
  <File Type="PA-TCL" Name="Multiplier.tcl"/>
  <File Type="OPT-HWDEF" Name="Multiplier.hwdef"/>
  <File Type="RDI-RDI" Name="Multiplier.vdi"/>
  <File Type="OPT-DCP" Name="Multiplier_opt.dcp"/>
  <File Type="OPT-DRC" Name="Multiplier_drc_opted.rpt"/>
  <File Type="OPT-TIMING" Name="Multiplier_timing_summary_opted.rpt"/>
  <File Type="PWROPT-DCP" Name="Multiplier_pwropt.dcp"/>
  <File Type="PWROPT-TIMING" Name="Multiplier_timing_summary_pwropted.rpt"/>
  <File Type="PLACE-DCP" Name="Multiplier_placed.dcp"/>
  <File Type="PLACE-IO" Name="Multiplier_io_placed.rpt"/>
  <File Type="PLACE-CLK" Name="Multiplier_clock_utilization_placed.rpt"/>
  <File Type="PLACE-UTIL" Name="Multiplier_utilization_placed.rpt"/>
  <File Type="PLACE-UTIL-PB" Name="Multiplier_utilization_placed.pb"/>
  <File Type="PLACE-CTRL" Name="Multiplier_control_sets_placed.rpt"/>
  <File Type="PLACE-SIMILARITY" Name="Multiplier_incremental_reuse_placed.rpt"/>
  <File Type="PLACE-PRE-SIMILARITY" Name="Multiplier_incremental_reuse_pre_placed.rpt"/>
  <File Type="PLACE-TIMING" Name="Multiplier_timing_summary_placed.rpt"/>
  <File Type="POSTPLACE-PWROPT-DCP" Name="Multiplier_postplace_pwropt.dcp"/>
  <File Type="POSTPLACE-PWROPT-TIMING" Name="Multiplier_timing_summary_postplace_pwropted.rpt"/>
  <File Type="PHYSOPT-DCP" Name="Multiplier_physopt.dcp"/>
  <File Type="PHYSOPT-DRC" Name="Multiplier_drc_physopted.rpt"/>
  <File Type="PHYSOPT-TIMING" Name="Multiplier_timing_summary_physopted.rpt"/>
  <File Type="ROUTE-ERROR-DCP" Name="Multiplier_routed_error.dcp"/>
  <File Type="ROUTE-DCP" Name="Multiplier_routed.dcp"/>
  <File Type="ROUTE-BLACKBOX-DCP" Name="Multiplier_routed_bb.dcp"/>
  <File Type="ROUTE-DRC" Name="Multiplier_drc_routed.rpt"/>
  <File Type="ROUTE-DRC-PB" Name="Multiplier_drc_routed.pb"/>
  <File Type="BG-BIN" Name="Multiplier.bin"/>
  <File Type="ROUTE-DRC-RPX" Name="Multiplier_drc_routed.rpx"/>
  <File Type="BG-DRC" Name="Multiplier.drc"/>
  <File Type="ROUTE-METHODOLOGY-DRC" Name="Multiplier_methodology_drc_routed.rpt"/>
  <File Type="BITSTR-MSK" Name="Multiplier.msk"/>
  <File Type="ROUTE-METHODOLOGY-DRC-RPX" Name="Multiplier_methodology_drc_routed.rpx"/>
  <File Type="BG-BGN" Name="Multiplier.bgn"/>
  <File Type="ROUTE-METHODOLOGY-DRC-PB" Name="Multiplier_methodology_drc_routed.pb"/>
  <File Type="ROUTE-PWR" Name="Multiplier_power_routed.rpt"/>
  <File Type="ROUTE-PWR-SUM" Name="Multiplier_power_summary_routed.pb"/>
  <File Type="ROUTE-STATUS" Name="Multiplier_route_status.rpt"/>
  <File Type="ROUTE-STATUS-PB" Name="Multiplier_route_status.pb"/>
  <File Type="ROUTE-TIMINGSUMMARY" Name="Multiplier_timing_summary_routed.rpt"/>
  <File Type="ROUTE-TIMING-PB" Name="Multiplier_timing_summary_routed.pb"/>
  <File Type="ROUTE-TIMING-RPX" Name="Multiplier_timing_summary_routed.rpx"/>
  <File Type="ROUTE-SIMILARITY" Name="Multiplier_incremental_reuse_routed.rpt"/>
  <File Type="ROUTE-CLK" Name="Multiplier_clock_utilization_routed.rpt"/>
  <File Type="POSTROUTE-PHYSOPT-DCP" Name="Multiplier_postroute_physopt.dcp"/>
  <File Type="POSTROUTE-PHYSOPT-BLACKBOX-DCP" Name="Multiplier_postroute_physopt_bb.dcp"/>
  <File Type="POSTROUTE-PHYSOPT-TIMING" Name="Multiplier_timing_summary_postroute_physopted.rpt"/>
  <File Type="POSTROUTE-PHYSOPT-TIMING-PB" Name="Multiplier_timing_summary_postroute_physopted.pb"/>
  <File Type="POSTROUTE-PHYSOPT-TIMING-RPX" Name="Multiplier_timing_summary_postroute_physopted.rpx"/>
  <File Type="BG-BIT" Name="Multiplier.bit"/>
  <File Type="BITSTR-RBT" Name="Multiplier.rbt"/>
  <File Type="BITSTR-NKY" Name="Multiplier.nky"/>
  <File Type="BITSTR-BMM" Name="Multiplier_bd.bmm"/>
  <File Type="BITSTR-MMI" Name="Multiplier.mmi"/>
  <File Type="BITSTR-SYSDEF" Name="Multiplier.sysdef"/>
  <File Type="WBT-USG" Name="usage_statistics_webtalk.html"/>
  <FileSet Name="sources" Type="DesignSrcs" RelSrcDir="$PSRCDIR/sources_1">
    <Filter Type="Srcs"/>
    <File Path="$PSRCDIR/sources_1/new/UART.v">
      <FileInfo>
        <Attr Name="UsedIn" Val="synthesis"/>
        <Attr Name="UsedIn" Val="implementation"/>
        <Attr Name="UsedIn" Val="simulation"/>
      </FileInfo>
    </File>
    <File Path="$PSRCDIR/sources_1/new/stabilizer.v">
      <FileInfo>
        <Attr Name="UsedIn" Val="synthesis"/>
        <Attr Name="UsedIn" Val="implementation"/>
        <Attr Name="UsedIn" Val="simulation"/>
      </FileInfo>
    </File>
    <File Path="$PSRCDIR/sources_1/new/Counter.v">
      <FileInfo>
        <Attr Name="UsedIn" Val="synthesis"/>
        <Attr Name="UsedIn" Val="implementation"/>
        <Attr Name="UsedIn" Val="simulation"/>
      </FileInfo>
    </File>
    <File Path="$PSRCDIR/sources_1/new/ClockDivider.v">
      <FileInfo>
        <Attr Name="UsedIn" Val="synthesis"/>
        <Attr Name="UsedIn" Val="implementation"/>
        <Attr Name="UsedIn" Val="simulation"/>
      </FileInfo>
    </File>
    <File Path="$PSRCDIR/sources_1/new/SevenSegmentDecoder.v">
      <FileInfo>
        <Attr Name="UsedIn" Val="synthesis"/>
        <Attr Name="UsedIn" Val="implementation"/>
        <Attr Name="UsedIn" Val="simulation"/>
      </FileInfo>
    </File>
    <File Path="$PSRCDIR/sources_1/new/bin2bcd.v">
      <FileInfo>
        <Attr Name="UsedIn" Val="synthesis"/>
        <Attr Name="UsedIn" Val="implementation"/>
        <Attr Name="UsedIn" Val="simulation"/>
      </FileInfo>
    </File>
    <File Path="$PSRCDIR/sources_1/new/Multiplier.v">
      <FileInfo>
        <Attr Name="UsedIn" Val="synthesis"/>
        <Attr Name="UsedIn" Val="implementation"/>
        <Attr Name="UsedIn" Val="simulation"/>
      </FileInfo>
    </File>
    <File Path="$PSRCDIR/sources_1/new/test.v">
      <FileInfo>
        <Attr Name="AutoDisabled" Val="1"/>
        <Attr Name="UsedIn" Val="synthesis"/>
        <Attr Name="UsedIn" Val="implementation"/>
        <Attr Name="UsedIn" Val="simulation"/>
      </FileInfo>
    </File>
    <File Path="$PSRCDIR/sources_1/new/EdgeDetector.v">
      <FileInfo>
        <Attr Name="AutoDisabled" Val="1"/>
        <Attr Name="UsedIn" Val="synthesis"/>
        <Attr Name="UsedIn" Val="implementation"/>
        <Attr Name="UsedIn" Val="simulation"/>
      </FileInfo>
    </File>
    <File Path="$PSRCDIR/sources_1/new/Synchroniser.v">
      <FileInfo>
        <Attr Name="AutoDisabled" Val="1"/>
        <Attr Name="UsedIn" Val="synthesis"/>
        <Attr Name="UsedIn" Val="implementation"/>
        <Attr Name="UsedIn" Val="simulation"/>
      </FileInfo>
    </File>
    <File Path="$PSRCDIR/sources_1/new/Debouncer.v">
      <FileInfo>
        <Attr Name="AutoDisabled" Val="1"/>
        <Attr Name="UsedIn" Val="synthesis"/>
        <Attr Name="UsedIn" Val="implementation"/>
        <Attr Name="UsedIn" Val="simulation"/>
      </FileInfo>
    </File>
    <Config>
      <Option Name="DesignMode" Val="RTL"/>
      <Option Name="TopModule" Val="Multiplier"/>
    </Config>
  </FileSet>
  <FileSet Name="constrs_in" Type="Constrs" RelSrcDir="$PSRCDIR/constrs_1">
    <Filter Type="Constrs"/>
    <File Path="$PSRCDIR/constrs_1/new/Constraint.xdc">
      <FileInfo>
        <Attr Name="UsedIn" Val="synthesis"/>
        <Attr Name="UsedIn" Val="implementation"/>
      </FileInfo>
    </File>
    <Config>
      <Option Name="ConstrsType" Val="XDC"/>
    </Config>
  </FileSet>
  <Strategy Version="1" Minor="2">
    <StratHandle Name="Vivado Implementation Defaults" Flow="Vivado Implementation 2016"/>
    <Step Id="init_design"/>
    <Step Id="opt_design"/>
    <Step Id="power_opt_design"/>
    <Step Id="place_design"/>
    <Step Id="post_place_power_opt_design"/>
    <Step Id="phys_opt_design"/>
    <Step Id="route_design"/>
    <Step Id="post_route_phys_opt_design"/>
    <Step Id="write_bitstream"/>
  </Strategy>
</GenRun>
